companyId,companyName,seedUrl,robotsBlocked,robotsDelay,atsFound,newLinks
880-productions-nz-lp,880 Productions NZ LP,https://www.avatar.com/careers,,,,
absolute-it,Absolute IT,https://www.absoluteit.co.nz/careers,False,,,
acento,Acento,https://acento.be/careers,,,,
acquire,acQuire,http://www.acquire.com.au/careers,,,,
ad4-oct-gono,AD4 Octógono,https://www.ad4octogono.es/careers,False,,,
aderen,Aderen,https://aderen.es/careers,False,,,
advance-delivery-consulting,Advance Delivery Consulting,http://www.ad-consulting.com.au/careers,False,,,
advantive,Advantive,http://www.advantive.com/careers,False,,,
aecom,AECOM,https://aecom.com/careers,False,,,https://aecom.com/careers; https://aecom.com/careers/; https://aecom.com/careers/candidate-faq/; https://aecom.com/careers/career-paths/; https://aecom.com/careers/graduates-and-early-careers/
aiven,Aiven,https://aiven.io/careers,False,,,https://aiven.io/careers; https://aiven.io/careers/job
alignerr,Alignerr,https://www.alignerr.com/careers,False,,,
allianz-technology,Allianz Technology,https://www.allianz.com/careers,False,,,
allrecruits,AllRecruits,http://www.allrecruits.nz/careers,False,,,
altech,ALTECH,https://altech.es/careers,,,,
altus-group,Altus Group,https://www.altusgroup.com/careers,,,,
ampstek,Ampstek,https://www.ampstek.com/careers,,,,https://www.ampstek.com/careers
apple,Apple,https://www.apple.com/careers,,,,https://www.apple.com/careers/ae/; https://www.apple.com/careers/at/; https://www.apple.com/careers/au/; https://www.apple.com/careers/befr/; https://www.apple.com/careers/benl/
arlo-training-management-software,Arlo Training Management Software,http://www.arlo.co/careers,,,,http://www.arlo.co/careers; https://www.arlo.co/careers
autograb,AutoGrab,https://autograb.com.au/careers,,,,
ayesa-digital,Ayesa Digital,https://www.ayesa.com/careers,,,,
babcock-australia-new-zealand,Babcock Australia & New Zealand,http://www.babcock.com.au/careers,,,,http://www.babcock.com.au/careers/; https://www.babcock.com.au/careers/; https://www.babcock.com.au/careers/career-events/; https://www.babcock.com.au/careers/early-careers/; https://www.babcock.com.au/careers/engineering-careers/
balance,Balance,https://findbalance.app/careers,,,,
bendigo-advertiser,Bendigo Advertiser,https://www.bendigoadvertiser.com.au/careers,,,,
bending-spoons,Bending Spoons,https://bendingspoons.com/careers,,,,https://bendingspoons.com/careers
bfpa,British Fluid Power Association (BFPA),https://bfpa.co.uk/careers,,,,
blackbook-recruitment,Blackbook Recruitment,https://blackbookexecutive.com.au/careers,,,,
bmm-testlabs,BMM Testlabs,https://bmm.com/careers,,,,https://bmm.com/careers/; https://bmm.com/careers/business-development-manager-asia/; https://bmm.com/careers/business-development-manager-italy/; https://bmm.com/careers/feed/; https://bmm.com/careers/it-system-administrator-las-vegas-nv/
channel-factory,Channel Factory,https://channelfactory.com/careers,,,,
clear21,Clear21,https://clear21.co/careers,,,,
cmv-consultores,CMV Consultores,https://www.cmv-consultores.com/careers,,,,
coforge,Coforge,https://www.coforge.com/careers,False,,,
cognex-corporation,Cognex Corporation,http://www.cognex.com/careers,,,,
cognizant,Cognizant,https://www.cognizant.com/careers,,,,
commonwealth-bank,Commonwealth Bank,http://www.commbank.com.au/careers,,,WORKDAY/cba,http://www.commbank.com.au/about-us/careers.html?ei=CB-footer_careers; http://www.commbank.com.au/about-us/careers/analytics.html?ei=analytics; http://www.commbank.com.au/about-us/careers/business-private-banking.html?ei=BPB; http://www.commbank.com.au/about-us/careers/careercomeback.html; http://www.commbank.com.au/about-us/careers/commbank-life.html
contented,Contented,www.contentedai.com/careers,,,,
corto,CORTO,https://www.corto.ai/careers,False,,,
cox-purtell-staffing-services,Cox Purtell Staffing Services,https://www.coxpurtell.com.au/careers,,,,
crossing-hurdles,Crossing Hurdles,https://www.crossinghurdles.com/careers,,,,
crown-lift-trucks-new-zealand,Crown Lift Trucks New Zealand,https://www.crown.com/en-nz/careers,False,,WORKABLE/crown-equipment-limited-nz,https://apply.workable.com/crown-equipment-limited-nz/; https://apply.workable.com/crown-equipment-limited-nz/?lng=en
csa-integraci-de-sistemes,CSA Integració de Sistemes,https://www.csa.cat/careers,,,,
dataannotation,DataAnnotation,https://dataannotation.tech/careers,,,,
dawn-aerospace,Dawn Aerospace,https://dawnaerospace.com/careers,,,,
dbiz-ai,Digital Biz Solutions,https://dbiz.ai/careers,,,,https://dbiz.ai/careers
dds-it,DDS IT,https://www.dds-it.com/careers,,,,
droneshield,DroneShield,https://www.droneshield.com/careers,,,,https://www.droneshield.com/careers
eftsure,Eftsure,http://www.eftsure.com/careers,False,,,
el-fuerte-marbella-5,Hotel El Fuerte Marbella 5*,https://www.fuertehoteles.com/careers,,,,
enatel,Enatel,http://www.enatel.net/careers,,,,
entain-australia-new-zealand,Entain Australia & New Zealand,https://entaingroup.com.au/careers,False,,,https://entaingroup.com.au/careers/
entelect,Entelect,https://www.entelect.co.nz/careers,,,,
eurofins,Eurofins,https://www.eurofins.com/careers,,,,
experience-it-solutions,Experience IT Solutions,https://www.experience-it.es/careers,,,,
ey,EY,http://www.ey.com/careers,False,,,http://www.ey.com/en_gl/careers; http://www.ey.com/en_gl/careers/ai; http://www.ey.com/en_gl/careers/assurance; http://www.ey.com/en_gl/careers/consulting; http://www.ey.com/en_gl/careers/core-business-services
fever,Fever,https://feverup.com/careers,,,,
fibonad,Fibonad,https://www.fibonad.com/careers,,,,
first-page,First Page,https://www.firstpage.co.nz/careers,,,,
fuel50,Fuel50,https://fuel50.com/careers,,,,https://fuel50.com/careers; https://fuel50.com/careers/
fujitsu,Fujitsu,https://www.fujitsu.com/careers,,,,
gamblingcareers-com,GamblingCareers.com,https://www.gamblingcareers.com/careers,,,,
garmin,Garmin,https://www.garmin.com/en-NZ/careers,False,,,https://www.garmin.com/ar-AE/careers/; https://www.garmin.com/ar-SA/careers/; https://www.garmin.com/bg-BG/careers/; https://www.garmin.com/cs-CZ/careers/; https://www.garmin.com/da-DK/careers/
giesecke-devrient,Giesecke+Devrient,https://www.gi-de.com/careers,False,1,,https://www.gi-de.com/en/careers; https://www.gi-de.com/en/careers/functional-areas; https://www.gi-de.com/en/careers/jobs; https://www.gi-de.com/en/careers/jobs?filter_company=Papierfabrik%20Louisenthal; https://www.gi-de.com/en/careers/locations
global-wave-group,Global Wave Group,https://gwgdigital.com/careers,,,,https://gwgdigital.com/careers/; https://gwgdigital.com/wp-content/plugins/careers/css/careers.css?ver=6.6
glovo,Glovo,https://glovoapp.com/careers,,,,
google,Google,https://www.google.com/careers,,,,https://www.google.com/about/careers/applications/; https://www.google.com/about/careers/applications/eeo/
growthbook,GrowthBook,https://www.growthbook.io/careers,,,,https://www.growthbook.io/careers
grupo-digital,Grupo Digital,https://www.grupodigital.eu/careers,,,,
grupo-ns,Grupo NS,https://www.grupons.com/careers,,,,
gt-motive-spain,GT Motive,https://www.gtmotive.com/careers,,,,
halcyon-knights,Halcyon Knights,https://www.halcyonknights.com.au/careers,,,,
hays,Hays,http://www.haysplc.com/careers,,,,
henry-schein-one,Henry Schein One,https://www.henryscheinone.com/careers,,,JAZZ/henryscheinone,
heyclue,HeyClue,https://jobadvisor.cl/careers,,,,
hnry,Hnry,http://www.hnry.co.nz/careers,,,,http://www.hnry.co.nz/careers/
hola-consultores-sl,Hola Consultores,https://www.holaconsultores.com/careers,,,,
honeywell,Honeywell,https://www.honeywell.com/careers,,,,https://www.honeywell.com/en/sites/HoneywellCareerSite/jobs?mode=location
hopla-software,HOPLA! Software,https://www.hoplasoftware.com/careers,,,,
hume-city-council,Hume City Council,https://www.hume.vic.gov.au/careers,,,,
hyde-park-corner-installations,Hyde Park Corner Installations,http://www.hydeparkcorner.net/careers,,,,
hydra-search,Hydra Search,https://hydrasearch.com.au/careers,,,,
iag,IAG,http://www.iag.com.au/careers,,,,
idealista,Idealista,https://www.idealista.com/careers,,,,
igreendata-a-synechron-company,iGreenData,https://www.igreendata.com.au/careers,False,,,
inetum,Inetum,https://www.inetum.com/careers,,,,
infortec-consultores,Infortec Consultores,https://www.infortec.com/careers,False,,,
infosys,Infosys,https://www.infosys.com/careers,,,,
iteration-mobile-s-l,Iteration Mobile,https://www.iteration-mobile.com/careers,,,,
iteriam,ITERIAM,https://www.iteriam.com/careers,,,,
kairos-digital-solutions,Kairós Digital Solutions,https://www.kairosds.com/careers,,,,
kaliba,Kaliba,https://www.kaliba.com.au/careers,False,,,https://www.kaliba.com.au/careers; https://www.kaliba.com.au/careers-at-kaliba; https://www.kaliba.com.au/jobseekers
kelea,Kelea,https://www.kelea.io/careers,,,,
kiwibank,Kiwibank,http://www.kiwibank.co.nz/careers,,,,http://www.kiwibank.co.nz/about-us/careers/; http://www.kiwibank.co.nz/about-us/careers/benefits/; http://www.kiwibank.co.nz/about-us/careers/job-opportunities/; http://www.kiwibank.co.nz/about-us/careers/life-at-kiwibank/; http://www.kiwibank.co.nz/about-us/careers/life-at-kiwibank/benefits/
komodo-wellbeing,Komodo Wellbeing,http://www.komodowellbeing.com/careers,,,,http://www.komodowellbeing.com/careers
krell,Krell Consulting,https://www.krell-consulting.com/careers,,,,
kuik-software-it-ia,Kuik Software,https://www.kuik.es/careers,,,,
landra-sistemas,Landra Sistemas,https://www.landra.es/careers,,,,
lawvu,LawVu,https://lawvu.com?utm_campaign=&utm_medium=organic&utm_source=LinkedIn&utm_content=company-page/careers,,,,https://lawvu.com/careers/
leap-legal-software,LEAP Legal Software,https://www.leaplegalsoftware.com/careers,,,,
les-mills-brasil,Les Mills Brasil 🇧🇷,https://lesmills.com/br/careers,,,,
letterboxd,Letterboxd,https://letterboxd.com/careers,,,,
loanoptions-ai,LoanOptions.ai,https://loanoptions.ai/careers,True,,,https://loanoptions.ai/careers
luxury-escapes,Luxury Escapes,https://www.luxuryescapes.com/careers,False,,,
macquarie-group,Macquarie Group,https://www.macquarie.com/careers,,,,https://www.macquarie.com/ae/en/careers.html; https://www.macquarie.com/at/en/careers.html; https://www.macquarie.com/au/en/careers.html; https://www.macquarie.com/au/en/careers/benefits.html; https://www.macquarie.com/au/en/careers/contact-our-team.html
magic-media,Magic Media,https://www.magicmedia.studio/careers,,,,
mainfreight,Mainfreight,https://www.mainfreight.com/careers,,,,https://www.mainfreight.com/asia/en-nz/careers; https://www.mainfreight.com/new-zealand/en-nz/careers-new-zealand
malwarebytes,Malwarebytes,https://www.malwarebytes.com/careers,False,,,https://www.malwarebytes.com/jobs; https://www.malwarebytes.com/jobs-dei; https://www.malwarebytes.com/jobs-departments; https://www.malwarebytes.com/jobs-view-all
manbau,Manbau,https://www.manbau.com/careers,,,,
maxvy-technologies-pvt-ltd,Maxvy Technologies,https://www.maxvy.com/careers,,,,
mca-espa-a,MCA España,https://www.mca-groupe.com/careers,,,,
meetup,Meetup,https://www.meetup.com/careers,False,,,
mercadona,Mercadona IT,https://www.mercadona.it/careers,,,,
method-recruitment-group,Method Recruitment Group,http://www.methodrecruitment.com.au/careers,,,,
micromine,Micromine,https://www.micromine.com/careers,False,,,https://www.micromine.com/careers/
microsoft,Microsoft,https://news.microsoft.com/careers,,,,
mindfriend-pro,MindFriend Pro,https://mindfriendpro.com/careers,,,,
mindrift,Mindrift,https://mindrift.ai/careers,,,,
momentum-consulting-group,Momentum Consulting Group,http://www.momentum.co.nz/careers,,,,
morgan-mckinley,Morgan McKinley,http://www.morganmckinley.com/careers,,,,
motor-trade-association-mta,MTA (Motor Trade Association),https://www.mta.org.nz/careers,,,,https://www.mta.org.nz/careers; https://www.mta.org.nz/careers/job-listings; https://www.mta.org.nz/public-mega-menu/about-mta/join-us; https://www.mta.org.nz/public-mega-menu/industry/careers; https://www.mta.org.nz/public-mega-menu/industry/jobs-available
mott-macdonald,Mott MacDonald,https://mottmac.com/careers,,,,https://mottmac.com/en/careers/; https://mottmac.com/en/careers/career-stories/; https://mottmac.com/en/careers/career-stories/explore-our-stories/; https://mottmac.com/en/careers/early-careers/; https://mottmac.com/en/careers/early-careers/asia-pacific-australia-new-zealand/
mst-global,MST Global,https://www.mstglobal.com/careers,,,,
n2s-global,N2S Global,https://www.n2s-global.com/careers,,,,
navico-group,Navico Group,http://www.navico.com/careers,,,WORKDAY/brunswick,http://www.navico.com/careers; https://www.navico.com/careers
ndeva,Ndeva,https://www.ndeva.com.au/careers,,,,
nearmap,Nearmap,https://www.nearmap.com/careers,,,,https://www.nearmap.com/au/careers; https://www.nearmap.com/careers
new-zealand-customs-service,New Zealand Customs Service,www.customs.govt.nz/careers,,,,
nexthink,Nexthink,https://www.nexthink.com/careers,,,,https://www.nexthink.com/company/careers; https://www.nexthink.com/company/careers#; https://www.nexthink.com/company/careers/how-we-hire; https://www.nexthink.com/company/careers/jobs; https://www.nexthink.com/company/careers/we-keep-growing
noloco,Noloco,https://www.noloco.io/careers,,,,
novus-recruitment-solutions,Novus Recruitment Solutions,https://www.novus-recruitment.com.au/careers,,,,
nuage-technology-group,Nuage Technology Group,https://www.nuagetech.com.au/careers,,,,
nuix-discover,Nuix,https://www.nuix.com/careers,,,TEAMTAILOR,https://www.nuix.com/jobs; https://www.nuix.com/jobs.rss
nuvia,NUVIA,https://nuvia.com/careers,,,,
nzme,New Zealand Media & Entertainment (NZME),https://nzme.co.nz/careers,,,,
ofload,Ofload,http://www.ofload.com.au/careers,,,WORKABLE/ofload,http://www.ofload.com.au/careers; https://apply.workable.com/ofload/; https://www.ofload.com.au/careers
one-new-zealand,One New Zealand,https://www.one.nz/careers,,,,https://www.one.nz/careers/development-benefits/; https://www.one.nz/careers/frontline-jobs/; https://www.one.nz/careers/technology-jobs/
orion-health,Orion Health,http://orionhealth.com/careers,,,,http://orionhealth.com/au/careers/; http://orionhealth.com/ca/careers/; http://orionhealth.com/careers/; http://orionhealth.com/careers/job-search/; http://orionhealth.com/global/careers/
osf-digital,OSF Digital,https://osf.digital/careers,,,,
outrigo,Outrigo,https://www.outrigo.com/careers,,,,
panel-sistemas-informaticos,Panel Sistemas,https://www.panel.es/careers,,,,
pearson-carter,Pearson Carter,http://www.pearsoncarter.com/careers,False,,,
persistent-systems,Persistent Systems,https://www.persistent.com/careers,False,,,
plexus-tech,Plexus Tech,https://www.plexus.es/careers,,,,
preacta,Preacta,https://www.preacta.com/careers,False,3,,
preferable-crafting-careers,EIL Global,https://www.eilglobal.com.au/careers,,,,
prima,Prima,https://www.prima.it/careers,,,,
primeit-espa-a,PrimeIT,https://primeit.es/careers,,,,https://primeit.es/en/careers; https://primeit.es/en/careers/page/2/; https://primeit.es/en/careers?location=barcelona ; https://primeit.es/en/careers?location=barcelona-hybrid ; https://primeit.es/en/careers?location=madrid 
profile-software-services,Profile Software Services,https://profile.es/careers,,,,
protecht,Protecht,https://www.protechtgroup.com/careers,,,,
psc-by-rocket-lab,PSC by Rocket Lab,https://www.rocketlabusa.com/careers,,,,https://www.rocketlabusa.com/careers/; https://www.rocketlabusa.com/careers/internships/; https://www.rocketlabusa.com/careers/positions/; https://www.rocketlabusa.com/careers/positions//filter?location=Albuquerque%2C+NM; https://www.rocketlabusa.com/careers/positions//filter?location=Auckland%2C+NZ
publicis-sapient,Publicis Sapient,http://publicissapient.com/careers,,,,
pwc-new-zealand,PwC New Zealand,http://pwc.co.nz/careers,,,,http://pwc.co.nz/careers.html; http://pwc.co.nz/careers/applynow; http://pwc.co.nz/careers/contact-us.html; http://pwc.co.nz/careers/experienced-careers-at-pwc.html; http://pwc.co.nz/careers/experienced-careers-at-pwc/job-search.html
quik-hire-staffing,Quik Hire Staffing,https://quikhire.ca/careers,False,,,
randstad-new-zealand,Randstad New Zealand,http://www.randstad.co.nz/careers,,,,
ravensdown,Ravensdown,https://www.ravensdown.co.nz/careers,,,,
recmatrix-consulting,Recmatrix Consulting,http://www.recmatrix.com/careers,,,,
red-hat,Red Hat,http://www.redhat.com/careers,,,WORKDAY/redhat,http://www.redhat.com/en/jobs; http://www.redhat.com/en/jobs/ai-usage-guidelines; http://www.redhat.com/en/jobs/departments; http://www.redhat.com/en/jobs/info-guide; http://www.redhat.com/en/jobs/life-at-red-hat
reserve-bank-of-new-zealand,Reserve Bank of New Zealand,http://www.rbnz.govt.nz/careers,,,,
rever-yc-s22,REVER,https://www.rever.me/careers,,,,
revolut,Revolut,https://www.revolut.com/careers,False,,,
robert-walters,Robert Walters,https://www.robertwalters.co.nz/careers,,,,
rwa-people,RWA People,http://www.rwa.co.nz/careers,,,,
salient-group,Salient,https://www.salient.com/careers,,,,https://www.salient.com/careers/
sandfield,Sandfield,https://www.sandfield.co.nz/careers,,,,https://www.sandfield.co.nz/careers; https://www.sandfield.co.nz/careers/; https://www.sandfield.co.nz/careers/#; https://www.sandfield.co.nz/careers/#OpenPositions; https://www.sandfield.co.nz/careers/interns-graduates/
second-window,Second Window,https://www.secondwindow.es/careers,,,,
sector-alarm-espa-a,Sector Alarm España,https://www.sectoralarm.es/careers,,,,
sector-alarm-group,Sector Alarm Group,https://www.sectoralarm.com/careers,,,,
secture,Secture,https://secture.com/careers,,,,
seequent,Seequent,https://www.seequent.com/careers,,,,https://www.seequent.com/company/careers/; https://www.seequent.com/company/careers/about/; https://www.seequent.com/company/careers/teams/; https://www.seequent.com/es/empresa/careers/
seisma-group,SEISMA GROUP,https://www.seismagroup.com/careers,,,,https://www.seismagroup.com/careers; https://www.seismagroup.com/careers/diversity-and-inclusion; https://www.seismagroup.com/careers/graduate-program; https://www.seismagroup.com/careers/join-our-team
serem-consultor-a-empresarial,Serem,https://www.serem.com/careers,False,,,
serko,Serko,http://www.serko.com/careers,False,,,http://www.serko.com/careers
service-foods,Service Foods,http://www.servicefoods.co.nz/careers,,,,https://www.servicefoods.co.nz/careers
showcase-workshop,Showcase Workshop,https://showcaseworkshop.com/careers,,,,
simple-machines,Simple Machines,https://www.simplemachines.com.au/careers,,,,
sinch,Sinch,http://www.sinch.com/careers,,,,
skills-group,Skills Group,https://skills-group.org/careers,False,,,
skl-technology,SKL Technology,https://www.skltechnology.com.au/careers,,,,
slalom,Slalom,https://www.slalom.com/careers,,,,http://www.slalom.com/jobs; https://www.slalom.com/au/en/careers; https://www.slalom.com/ca/en/careers; https://www.slalom.com/ca/fr/careers; https://www.slalom.com/co/en/careers
smadex,Smadex,https://smadex.com/careers,,,,
socialite-recruitment-ltd,Socialite Recruitment Ltd.,http://www.socialitenz.com/careers,,,JOBADDER,
sodexo,Sodexo,https://www.sodexo.com/careers,,,,
sourced-it-recruitment,Sourced IT Recruitment,http://sourced.nz/careers,,,,
southern-cross,Southern Cross,https://www.southerncross.co.nz/careers,,,,
southern-cross-health-insurance,Southern Cross Health Insurance,https://www.southerncross.co.nz/careers,,,,
stantec,Stantec,https://www.stantec.com/careers,False,,,https://www.stantec.com/en/careers; https://www.stantec.com/en/careers.html; https://www.stantec.com/en/careers/_jcr_content; https://www.stantec.com/en/careers/developing-professionals-group.html; https://www.stantec.com/en/careers/employee-benefits.html
steelx-pty-ltd,Steelx Pty Ltd,http://www.steelx.com.au/careers,,,,
susquehanna-international-group,Susquehanna International Group,https://sig.com/careers,False,,,https://sig.com/careers/; https://sig.com/careers/early-talent/; https://sig.com/careers/interns-co-ops/; https://sig.com/careers/quant/; https://sig.com/careers/technology/
t-mapp,T-mapp,https://www.t-mapp.com/careers,,,,
tait-communications,Tait Communications,https://taitcommunications.com/careers,,,,
talenza,Talenza,https://talenza.com.au/careers,,,,https://talenza.com.au/about-us/careers/; https://talenza.com.au/about-us/careers/submit-your-cv-to-express-your-interest-in-joining-talenza/; https://talenza.com.au/jobseekers/; https://talenza.com.au/jobseekers/contractors/; https://talenza.com.au/jobseekers/job-search/
tarlogic,Tarlogic,https://www.tarlogic.com/careers,,,,
tech-frank,Tech Frank,https://www.techfrank.co.nz/careers,,,,
tech-mahindra,Tech Mahindra,www.techmahindra.com/careers,,,,
techdelivery,TechDelivery,https://www.techdelivery.es/careers,,,,
technology-cii,Technology CII,http://www.ciitechknow.com/technology-summit.php/careers,,,,
teksystems,TEKsystems,https://www.teksystems.com/careers,False,,,https://www.teksystems.com/de-ch/careers; https://www.teksystems.com/de-de/careers; https://www.teksystems.com/en-au/careers; https://www.teksystems.com/en-ca/careers; https://www.teksystems.com/en-cn/careers
textil-santanderina,Santanderina Group,http://www.textilsantanderina.com/careers,False,,,
the-boundary,The Boundary,https://www.the-boundary.com/careers,,,,https://www.the-boundary.com/apac/careers; https://www.the-boundary.com/careers; https://www.the-boundary.com/careers/vacancy/business-development-director-auckland; https://www.the-boundary.com/careers/vacancy/business-development-manager-auckland; https://www.the-boundary.com/careers/vacancy/client-service-coordinator-new-york
the-post,The Post,https://www.thepost.co.nz/careers,,,,
the-university-of-waikato,University of Waikato,https://www.waikato.ac.nz/careers,,,,
thedrivegroup,TheDriveGroup,https://www.thedrivegroup.com.au/careers,,,,
tiktok,TikTok,https://www.tiktok.com/careers,,,,
together-nz,Together - NZ,http://www.wearetogether.co.nz/careers,,,,
tomoro,Tomoro,https://www.tomoro.ai/careers,,,,https://www.tomoro.ai/careers; https://www.tomoro.ai/careers#openRoles
tomra,TOMRA,https://www.tomra.com/careers,,,,
tradify,Tradify,http://www.tradifyhq.com/careers,False,,,https://www.tradifyhq.com/careers
traild,Traild,https://traild.com/careers,,,,
tranzita,Tranzita,https://tranzita.com/careers,,,,
travelperk,TravelPerk,https://www.travelperk.com/careers,False,,,https://www.travelperk.com/careers/; https://www.travelperk.com/en-ca/careers/; https://www.travelperk.com/uk/careers/
tribe,Tribe Recruitment,http://www.tribegroup.com/careers,,,,
trimble,Trimble,https://www.trimble.com/careers,,,,https://www.trimble.com/de/careers; https://www.trimble.com/en/careers; https://www.trimble.com/en/careers/internships; https://www.trimble.com/en/careers/rotational-development-program; https://www.trimble.com/en/careers/talent-areas
trinetix,Trinetix,https://trinetix.com/careers,,,,
twirll,Twirll,https://twirll.com/careers,,,,
united-digital-group,UDG,https://www.udg.de/careers,,,,
university-of-otago,University of Otago,https://www.otago.ac.nz/careers,False,,,https://www.otago.ac.nz/careers; https://www.otago.ac.nz/careers/contacts; https://www.otago.ac.nz/careers/events-workshops; https://www.otago.ac.nz/careers/job-applications; https://www.otago.ac.nz/careers/job-search-support
uptech-sensing,Uptech Sensing,https://uptechsensing.com/careers,,,,
vale-partners,VALE Partners,https://valepartners.com.au/careers,,,,
vast-data,VAST Data,https://www.vastdata.com/careers,,,,https://www.vastdata.com/careers; https://www.vastdata.com/ja/careers
vermont-solutions,Vermont Solutions,https://vermont-solutions.com/careers,False,,,
vivanti-consulting,Vivanti,https://www.vivanti.com/careers,,,,
w-t-fx,Wētā FX,https://www.wetafx.co.nz/careers,,,,https://www.wetafx.co.nz/jobs; https://www.wetafx.co.nz/jobs/1451; https://www.wetafx.co.nz/jobs/1606; https://www.wetafx.co.nz/jobs/1607
wagetap,Wagetap,https://wagetap.com/careers,,,,
websultanate,Websultanate,https://www.websultanate.com/careers,,,,
westpac,Westpac,https://www.westpac.com.au/careers,,,,https://www.westpac.com.au/about-westpac/careers/; https://www.westpac.com.au/about-westpac/careers/?fid=GL:GF:GF1:wbc:www:about:careers; https://www.westpac.com.au/about-westpac/careers/engineers/; https://www.westpac.com.au/about-westpac/careers/faq-contact-us/; https://www.westpac.com.au/about-westpac/careers/graduate-program/
westpac-group,Westpac,https://www.westpac.com.au/careers,,,,https://www.westpac.com.au/about-westpac/careers/; https://www.westpac.com.au/about-westpac/careers/?fid=GL:GF:GF1:wbc:www:about:careers; https://www.westpac.com.au/about-westpac/careers/engineers/; https://www.westpac.com.au/about-westpac/careers/faq-contact-us/; https://www.westpac.com.au/about-westpac/careers/graduate-program/
westpac-new-zealand,Westpac New Zealand,http://www.westpac.co.nz/careers,,,WORKDAY/westpacnz,http://www.westpac.co.nz/about-us/careers/; http://www.westpac.co.nz/about-us/careers/?vanity=/careers#; http://www.westpac.co.nz/about-us/careers/?vanity=/careers#main; http://www.westpac.co.nz/about-us/careers/benefits-of-working-at-westpac/; http://www.westpac.co.nz/about-us/careers/westpac-graduate-programme/
weta-fx,Wētā FX,https://www.wetafx.co.nz/careers,,,,https://www.wetafx.co.nz/jobs; https://www.wetafx.co.nz/jobs/1451; https://www.wetafx.co.nz/jobs/1606; https://www.wetafx.co.nz/jobs/1607
whip-around,Whip Around,https://whiparound.com/careers,,,,
windcave,Windcave,https://www.windcave.com/careers,,,,https://www.windcave.com/careers
witi,WITI,https://witi.com/careers,False,,,
woolworths-group,Woolworths Group,http://www.woolworthsgroup.com.au/careers,,,,
wsp,WSP,https://www.wsp.com/careers,,,,https://www.wsp.com/en-au/careers; https://www.wsp.com/en-ca/careers; https://www.wsp.com/en-cn/careers; https://www.wsp.com/en-gb/careers; https://www.wsp.com/en-gl/careers
xpansiv,Xpansiv,https://www.xpansiv.com/careers,,,,https://www.xpansiv.com/careers; https://www.xpansiv.com/careers#careers
xpt-software,XPT Software,http://www.xptsoftware.com/careers,False,,,
xpt-software-australia,XPT Software,https://xptsoftware.com/careers,False,,,
z-energy,Z Energy,https://z.co.nz/careers,,,,
z-energy-nz,Z Energy NZ,http://www.z.co.nz/careers,,,,
zip-co,Zip,https://zip.co/careers,False,,,https://zip.co/careers; https://zip.co/careers/blog; https://zip.co/careers/roles
